id,name,year,area,pH,delete,temp_pH,delete,delete,temp_cond,delete,delete,delete,delete,delete,delete,delete,delete,delete,delete,delete,delete,delete,delete,delete,delete,delete,DIC_ppmC,delete,delete,delete,delete,delete,delete,delete,delete,delete,delete,delete,H2.AQ,delete,delete,CO.AQ,delete,delete,METHANE.AQ,delete,delete,delete,O2.AQ,NO3-_spectro,delete,NO2-_spectro,delete,NH4+_spectro,delete,Fe+2_spectro,delete,S-2_spectro_ugL,delete,SiO2.AQ,delete,CaCO3alkalinity,delete,PO4-3_spectro,delete,delete,delete,delete,delete,F-,delete,delete,Cl-,delete,delete,Br-,delete,delete,SO4-2,delete,delete,PO4-3,delete,delete,NO2-,delete,delete,NO3-,delete,delete,Li+,delete,delete,Na+,delete,delete,NH4+,delete,delete,K+,delete,delete,Mg+2,delete,delete,Ca+2,delete,delete,Li_ppb,delete,delete,Be_ppb,delete,delete,B_ppb,delete,delete,Mg_ppb,delete,delete,Al_ppb,delete,delete,delete,delete,delete,Ca_ppb,delete,delete,Ti_ppb,delete,delete,V_ppb,delete,delete,Cr_ppb,delete,delete,Mn_ppb,delete,delete,Fe_ppb,delete,delete,Co_ppb,delete,delete,Ni_ppb,delete,delete,Cu_ppb,delete,delete,Zn_ppb,delete,delete,Ga_ppb,delete,delete,delete,delete,delete,As_ppb,delete,delete,Rb_ppb,delete,delete,Sr_ppb,delete,delete,Y_ppb,delete,delete,Zr_ppb,delete,delete,Nb_ppb,delete,delete,Mo_ppb,delete,delete,Cd_ppb,delete,delete,Sn_ppb,delete,delete,Sb_ppb,delete,delete,Cs_ppb,delete,delete,Ba_ppb,delete,delete,La_ppb,delete,delete,Hf_ppb,delete,delete,delete,delete,delete,W_ppb,delete,delete,Tl_ppb,delete,delete,Pb_ppb,delete,delete,Th_ppb,delete,delete,U_ppb,delete,delete,Hg_ppb,delete,delete
Sample ID,Sample Location,Year sampled,Sampling area,pH,pH,pH Temp,Cond.,Flash. Cond.,Cond Temp,Time,Latitude,Longitude,Error,Elevation,Distance from ,,,,,,H2O ?14N,?18O,?18O,?D,?D,DIC/DOC,DIC,DIC,DIC,DIC,DIC,DIC,DOC,DOC,DOC,DOC,DOC,DOC,H2,H2,H2,CO,CO,CO,CH4,CH4,CH4,Spectro =>,D.O.,NO3- (spectro),NO3- (spectro),NO2- (spectro),NO2- (spectro),NH4+ (spectro),NH4+ (spectro),Fe+2,Fe+2,S-2,S-2,SiO2,SiO2,CaCO3,CaCO3,PO4-3,PO4-3,NO3 + NO2,N as NO3 and NO2,NH3,N as NH3,F-,F-,F-,Cl-,Cl-,Cl-,Br-,Br-,Br-,SO4-2,SO4-2,SO4-2,PO4-3,PO4-3,PO4-3,NO2-,NO2-,NO2-,NO3-,NO3-,NO3-,Li+,Li+,Li+,Na+,Na+,Na+,NH4+,NH4+,NH4+,K+,K+,K+,Mg+2,Mg+2,Mg+2,Ca+2,Ca+2,Ca+2,Li,Li,Li,Be,Be,Be,B,B,B,Mg,Mg,Mg,Al,Al,Al,P,P,P,Ca,Ca,Ca,Ti,Ti,Ti,V,V,V,Cr,Cr,Cr,Mn,Mn,Mn,Fe,Fe,Fe,Co,Co,Co,Ni,Ni,Ni,Cu,Cu,Cu,Zn,Zn,Zn,Ga,Ga,Ga,Ge,Ge,Ge,As,As,As,Rb,Rb,Rb,Sr,Sr,Sr,Y,Y,Y,Zr,Zr,Zr,Nb,Nb,Nb,Mo,Mo,Mo,Cd,Cd,Cd,Sn,Sn,Sn,Sb,Sb,Sb,Cs,Cs,Cs,Ba,Ba,Ba,La,La,La,Hf,Hf,Hf,Ta,Ta,Ta,W,W,W,Tl,Tl,Tl,Pb,Pb,Pb,Th,Th,Th,U,U,U,"Hg, ppb (no calibration)","Hg, M",
,,,,Field,millivolts,oC,uS,uS,oC,,x (12T),y (UTM), +/- (ft),m,Source (m),Latitude,"Lat, Decimal",Longitude,"Long, Decimal",,sample,(vs VSMOW),Std Dev,(vs VSMOW),Std Dev,samples,ppm C,DIC ppmC Std Dev,?13C VPDB (?),Std Dev (?),n replicates,Notes from Natasha,ppm C,ppmC Std Dev,?13C VPDB (?),Std Dev (?),n replicates,Notes from Natasha,Mean (nmol),+/- nmols,Std Error,Mean (nmol),+/- nmols,Std Error,Mean (nmol),+/- nmols,Std Error,Sampling time,mg/L,mg/L,M,mg/L,M,mg/L,M,mg/L,M,ug/L,M,mg/L,M,mg/L,M,mg/L,M,N mg/L,M,N mg/L,M,ppm,mol/kg,%RSD,ppm,mol/kg,%RSD,ppm,mol/kg,%RSD,ppm,mol/kg,%RSD,ppm,mol/kg,%RSD,ppm,mol/kg,%RSD,ppm,mol/kg,%RSD,ppm,mol/kg,%RSD,ppm,mol/kg,%RSD,ppm,mol/kg,%RSD,ppm,mol/kg,%RSD,ppm,mol/kg,%RSD,ppm,mol/kg,%RSD,conc(ppb),molal,% RSD,conc(ppb),molal,% RSD,conc(ppb),molal,% RSD,conc(ppb),molal,% RSD,conc(ppb),molal,% RSD,conc(ppb),molal,% RSD,conc(ppb),molal,% RSD,conc(ppb),molal,% RSD,conc(ppb),molal,% RSD,conc(ppb),molal,% RSD,conc(ppb),molal,% RSD,conc(ppb),molal,% RSD,conc(ppb),molal,% RSD,conc(ppb),molal,% RSD,conc(ppb),molal,% RSD,conc(ppb),molal,% RSD,conc(ppb),molal,% RSD,conc(ppb),molal,% RSD,conc(ppb),molal,% RSD,conc(ppb),molal,% RSD,conc(ppb),molal,% RSD,conc(ppb),molal,% RSD,conc(ppb),molal,% RSD,conc(ppb),molal,% RSD,conc(ppb),molal,% RSD,conc(ppb),molal,% RSD,conc(ppb),molal,% RSD,conc(ppb),molal,% RSD,conc(ppb),molal,% RSD,conc(ppb),molal,% RSD,conc(ppb),molal,% RSD,conc(ppb),molal,% RSD,conc(ppb),molal,% RSD,conc(ppb),molal,% RSD,conc(ppb),molal,% RSD,conc(ppb),molal,% RSD,conc(ppb),molal,% RSD,conc(ppb),molal,% RSD,e.g see year 1999,e.g see year 1999,Notes
140114U,Sun burn,2014,Falej North,11.355,-279.9,22.1,1479,,21.7,15:10,608551,2526487,,,,,,,,,,0.242185825,0.104087182,4.271386631,0.444757235,,2.0983512,,-21.82022838,0.43,,,0.2974002,,-24.07685421,0.345000657,,,17.12594083,,,162.929603,,,89.90974107,,,,7,,,,,,,0.00047,,109,3.41E-06,0.44645,7.43E-06,17,,,,,,1.02,,0.02225,1.17E-06,1.589004003,167.25225,4.72E-03,0.04037536,0.36595,4.58E-06,0.13525748,16.8649,1.76E-04,0.006708435,0.0117,,0,0.00625,1.36E-07,5.656854249,1.6217,6.67E-05,0.026161686,0.01125,1.62E-06,0.628539361,186.052,8.09E-03,0.016342523,0.21385,1.19E-05,0.562114346,8.6033,2.20E-04,0.008219018,0.39235,1.61E-05,0.018022347,47.0826,1.17E-03,0.084403582,13.5,1.94E-06,2.1,0.004,4.44E-10,87.72,13.4,1.24E-06,2.76,400,1.65E-05,4.24,1.97,7.30E-08,3.24,11.7,3.78E-07,2.39,44000,1.10E-03,3.7,0.07,1.46E-09,28.13,0.204,4.00E-09,3.05,0.1,1.92E-09,1.74,0.013,2.37E-10,2.36,0.47,8.42E-09,3.08,0.004,6.79E-11,5.9,0.039,6.64E-10,18.47,0.04,6.29E-10,25.94,0.23,3.52E-09,14.32,0.004,5.74E-11,5.61,0,0,173.21,0.049,6.54E-10,5.39,3.8,4.45E-08,2.06,126,1.44E-06,4.21,0.002,2.25E-11,8.76,0.036,3.95E-10,8.27,0.006,6.46E-11,6.05,0.077,8.03E-10,2.96,0.001,8.90E-12,29.65,0.005,4.21E-11,8.16,0.031,2.55E-10,2.77,0.084,6.32E-10,2.37,4.3,3.13E-08,2.39,0,0.00E+00,8.74,0.041,2.30E-10,4.69,0.053,2.93E-10,7.77,0.005,2.72E-11,9.6,0.001,4.89E-12,8.2,0.005,2.41E-11,2.82,0,0,20.16,0,0,20.36,,,
140114U,Sun burn,2014,Falej North,11.355,-279.9,22.1,1479,,21.7,15:10,608551,2526487,,,,,,,,,,0.242185825,0.104087182,4.271386631,0.444757235,,2.0983512,,-21.82022838,0.43,,,0.2974002,,-24.07685421,0.345000657,,,17.12594083,,,162.929603,,,89.90974107,,,,7,,,,,,,0.00047,,109,3.41E-06,0.44645,7.43E-06,17,,,,,,1.02,,0.02225,1.17E-06,1.589004003,167.25225,4.72E-03,0.04037536,0.36595,4.58E-06,0.13525748,16.8649,1.76E-04,0.006708435,0.0117,,0,0.00625,1.36E-07,5.656854249,1.6217,6.67E-05,0.026161686,0.01125,1.62E-06,0.628539361,186.052,8.09E-03,0.016342523,0.21385,1.19E-05,0.562114346,8.6033,2.20E-04,0.008219018,0.39235,1.61E-05,0.018022347,47.0826,1.17E-03,0.084403582,13.5,1.94E-06,2.1,0.004,4.44E-10,87.72,13.4,1.24E-06,2.76,400,1.65E-05,4.24,1.97,7.30E-08,3.24,11.7,3.78E-07,2.39,44000,1.10E-03,3.7,0.07,1.46E-09,28.13,0.204,4.00E-09,3.05,0.1,1.92E-09,1.74,0.013,2.37E-10,2.36,0.47,8.42E-09,3.08,0.004,6.79E-11,5.9,0.039,6.64E-10,18.47,0.04,6.29E-10,25.94,0.23,3.52E-09,14.32,0.004,5.74E-11,5.61,0,0,173.21,0.049,6.54E-10,5.39,3.8,4.45E-08,2.06,126,1.44E-06,4.21,0.002,2.25E-11,8.76,0.036,3.95E-10,8.27,0.006,6.46E-11,6.05,0.077,8.03E-10,2.96,0.001,8.90E-12,29.65,0.005,4.21E-11,8.16,0.031,2.55E-10,2.77,0.084,6.32E-10,2.37,4.3,3.13E-08,2.39,0,0.00E+00,8.74,0.041,2.30E-10,4.69,0.053,2.93E-10,7.77,0.005,2.72E-11,9.6,0.001,4.89E-12,8.2,0.005,2.41E-11,2.82,0,0,20.16,0,0,20.36,,,
140114V,Grey Sauce,2014,Falej North,11.407,-285.4,24.6,1803,,24.4,16:15,608559,2526485,,1821,,,,,,,,-0.209065703,0.129393994,2.902082344,0.477375959,,2.7675834,,-24.63099255,0.43,,,0.2721384,,-23.3799059,0.345000657,,,1325.399218,,,235.5398965,,,1518.483495,,,,6.1,,,,,,,0.00055,,266,8.31E-06,0.165,2.75E-06,14,,,,,,1.96,,0.007666667,4.04E-07,6.148754619,247.4773333,6.98E-03,0.019048392,0.3715,4.65E-06,0.266473619,1.7052,1.77E-05,0.199044836,0.0186,,0,0.039666667,8.62E-07,1.188414758,0.07925,3.26E-06,0.267674491,,,,,,,,,,,,,,,,,,,14.7,2.12E-06,2.59,0.008,8.88E-10,48.13,11.9,1.10E-06,1.5,154,6.34E-06,5.59,3.97,1.47E-07,1.44,18.6,6.01E-07,1.61,62000,1.55E-03,3.69,0.05,1.04E-09,47.26,0.178,3.49E-09,4.25,0.034,6.54E-10,14.07,0.016,2.91E-10,23.24,0.55,9.85E-09,2.78,0.006,1.02E-10,45.54,0.038,6.47E-10,7.6,0.068,1.07E-09,10.59,0.48,7.34E-09,4.78,0.004,5.74E-11,30.04,0.002,2.75E-11,86.6,0.034,4.54E-10,15.88,3.63,4.25E-08,0.98,136,1.55E-06,1.43,0.004,4.50E-11,7.92,0.028,3.07E-10,2.17,0.008,8.61E-11,6.6,0.078,8.13E-10,5.59,0.004,3.56E-11,29.45,0.016,1.35E-10,6.76,0.036,2.96E-10,7.6,0.082,6.17E-10,2.31,4.16,3.03E-08,0.55,0.002,1.44E-11,8.9,0.03,1.68E-10,5.38,0.058,3.21E-10,2.97,0.006,3.26E-11,11.11,0,0,10.99,0.012,5.79E-11,7.34,0,0,30.99,0,0,11.47,,,
140111H,Horse Head,2014,Qafifah,10.24,-204.4,20.4,597,,20.2,,646074,2533678,,2209,,,,,,,,0.204879822,0.107517694,4.463420735,0.308013336,,21.55752175,0.609719156,-13.98026112,0.2,,,0.3983196,,-23.74277204,0.345000657,,,124788.739,,,185.737673,,,8003.081254,,,,8.9,,,,,,,0.000446,,39,1.22E-06,8.71159,1.45E-04,101,,,,,,0.27,,0.0485,2.55E-06,0.291590425,109.1426,3.08E-03,0.005182994,0.15135,1.89E-06,0.046719972,17.51805,1.82E-04,0.04561185,0.0127,,0,0.0074,1.61E-07,7.644397634,0.7725,3.18E-05,0.073227887,0.00895,1.29E-06,0.790063443,82.5707,3.59E-03,0.106360564,0.0684,3.80E-06,1.033781844,3.10295,7.94E-05,0.047855242,28.4555,0.001170767,0.025346556,8.5954,0.000214456,0.032906289,11.3,1.63E-06,1.84,0.003,3.33E-10,62.92,40,3.70E-06,2.55,25000,1.03E-03,2.66,3.6,1.33E-07,4.5,12.7,4.10E-07,0.89,7300,1.82E-04,3.35,0.064,1.34E-09,13.39,0.25,4.91E-09,4.42,0.32,6.15E-09,6.43,0.309,5.62E-09,2.35,0.446,7.99E-09,0.69,0.023,3.90E-10,25.25,0.61,1.04E-08,2.31,0.225,3.54E-09,2.97,6.5,9.94E-08,7.28,0.012,1.72E-10,28.18,0.001,1.38E-11,86.62,0.13,1.74E-09,10.09,1.25,1.46E-08,1.27,27,3.08E-07,4.39,0.007,7.87E-11,5.17,0.083,9.10E-10,8.35,0.016,1.72E-10,6.23,0.659,6.87E-09,0.67,0.004,3.56E-11,13.47,0.011,9.27E-11,3.03,1.375,1.13E-08,0.55,0.059,4.44E-10,1.82,0.737,5.37E-09,0.77,0.002,1.44E-11,7.03,0.075,4.20E-10,6.6,0.099,5.47E-10,3.95,0.013,7.07E-11,2.76,0.001,4.89E-12,25.87,0.016,7.72E-11,1.36,0,0,33.41,0.01,4.20E-11,54.24,,,
140111I,Tadpole Trauma,2014,Qafifah,10.87,-240.3,19.7,683,,18.8,16:35,646074,2533674,,2222,,,,,,,,0.606073271,0.070484471,6.357371525,0.420555326,,10.1527095,0.282307433,-14.12343722,0.2,,,0.5817126,,-24.19305783,0.345000657,,,2066.384969,,,97.319529,,,7754.477378,,,,7.4,,,,,,,0.0003,,65,2.03E-06,6.02323,1.00E-04,68,,,,,,1.27,,0.00325,1.71E-07,0,130.68425,3.69E-03,0.204528368,0.18865,2.36E-06,0.337342223,14.8049,1.54E-04,0.02770177,0.0102,,0,0.013625,2.96E-07,3.892330906,0.52055,2.14E-05,0.01358384,0.0104,1.50E-06,0,100.286875,4.36E-03,0.007227112,0.10745,5.97E-06,0.065807983,3.8145,9.76E-05,0.029659742,19.60275,0.000806532,0.045089769,14.7428,3.68E-04,0.104559024,12.1,1.74E-06,2.62,0.004,4.44E-10,80.66,34,3.14E-06,3.44,16500,6.79E-04,3.17,3.46,1.28E-07,1.86,10.2,3.29E-07,3.38,11800,2.94E-04,3.25,0.08,1.67E-09,14.23,0.259,5.08E-09,2.64,0.21,4.04E-09,9.86,0.023,4.19E-10,18.4,0.3,5.37E-09,4.27,0.014,2.38E-10,4.92,0.33,5.62E-09,6.89,0.075,1.18E-09,3.35,0.18,2.75E-09,6.97,0.005,7.17E-11,43.17,0,0.00E+00,173.21,0.09,1.20E-09,11.06,1.29,1.51E-08,3.83,23.8,2.72E-07,1.26,0.001,1.12E-11,9.58,0.075,8.22E-10,9.79,0.01,1.08E-10,10.56,0.46,4.79E-09,2.71,0.002,1.78E-11,40.33,0.007,5.90E-11,6.49,0.013,1.07E-10,7.5,0.046,3.46E-10,3.13,0.58,4.22E-09,1.83,0,0.00E+00,23.47,0.05,2.80E-10,5,0.072,3.98E-10,3.16,0.005,2.72E-11,8.21,0.001,4.89E-12,13.08,0.002,9.65E-12,8.96,0,0,14.46,0.003,1.26E-11,8.25,,,
140116C,Slippity Slide,2014,Shmait,8.714,-120.1,27.3,777,,27.3,14:23,486045,2588468,,2391,,,,,,,,0.071231907,0.093002717,0.354307812,0.815257043,,56.953626,3.023609951,-13.40109186,0.2,,,0.446697,,-26.80044149,0.43,,,2175.586009,,,113.63183,,,899.8051319,,,,7.3,,,,,,,0.00067,,20.1,6.28E-07,16.7437,2.79E-04,247,,,,,,0.75,,0,,0,54.4635,1.54E-03,0.035314118,0.07415,9.28E-07,0.286085009,65.37005,6.80E-04,0.077774115,0.0135,,0,0,,0,9.89055,4.07E-04,0.070778239,0.0038,5.47E-07,0,31.52465,1.37E-03,0.045982078,0.02085,1.16E-06,1.695699715,3.84035,9.82E-05,0.079174012,65.0364,0.002675844,0.00318926,25.3971,6.34E-04,0.188768953,5.46,7.87E-07,1.16,0.004,4.44E-10,51.02,103,9.53E-06,7.74,58000,2.39E-03,4.18,3.126,1.16E-07,0.18,13.5,4.36E-07,2.94,22800,5.69E-04,1.36,0.07,1.46E-09,47.25,0.559,1.10E-08,1.54,1.54,2.96E-08,2.87,0.43,7.83E-09,3.59,0.67,1.20E-08,2.18,0.029,4.92E-10,10.43,1.407,2.40E-08,0.39,0.074,1.16E-09,7.17,0.31,4.74E-09,9.91,0.002,2.87E-11,34.48,0.004,5.51E-11,69.72,0.1,1.33E-09,11.78,1.15,1.35E-08,3.34,383,4.37E-06,1.4,0.01,1.12E-10,1.5,0.062,6.80E-10,8.83,0.009,9.69E-11,8.57,0.392,4.09E-09,1.78,0.002,1.78E-11,33.54,0.007,5.90E-11,5.66,0.045,3.70E-10,2.91,0.012,9.03E-11,3.5,10.3,7.50E-08,2.01,0.002,1.44E-11,7.8,0.043,2.41E-10,5.51,0.063,3.48E-10,6.42,0.004,2.18E-11,4.53,0.001,4.89E-12,15.09,0.004,1.93E-11,10.97,0,0,44.74,0.021,8.82E-11,2.71,,,
140116D,Rome,2014,Shmait,9.104,-144.5,27.4,777,,27.1,15:05,486036,2588465,,2409,,,,,,,,-0.017053525,0.147417718,0.400635341,0.741506885,,47.7453386,1.36091652,-13.70675193,0.2,,,0.4420745,,-26.44817937,0.43,,,12486.31188,,,231.419526,,,122.8715255,,,,6.9,,,,,,,0.0024,,21,6.56E-07,15.65036,0.000260492,238,,,,,,,,0,,0,68.0147,1.92E-03,0.01226773,0.09025,1.13E-06,0.078349782,58.7787,6.12E-04,0.175397157,0.01136,,0,0.0033,7.17E-08,4.285495644,8.7835,0.000361387,0.362267947,0.0052,7.49E-07,0,42.8332,1.86E-03,0.225834651,0.0458,2.54E-06,0.308780254,4.0347,1.03E-04,0.154225585,59.11186667,0.002432087,0.111328021,28.67415,7.15E-04,0.004685415,6.8,9.80E-07,1.93,0.002,2.22E-10,30.16,81,7.49E-06,3.45,56000,2.30E-03,2.15,3.2,1.19E-07,3.53,11.36,3.67E-07,0.47,27600,6.89E-04,3.86,0.08,1.67E-09,22.32,0.55,1.08E-08,4.24,1.32,2.54E-08,1.6,0.426,7.75E-09,0.4,2.4,4.30E-08,2.11,0.023,3.90E-10,4.06,1.39,2.37E-08,4.64,0.119,1.87E-09,4.79,0.47,7.19E-09,7.55,0.002,2.87E-11,24.16,0.008,1.10E-10,30.18,0.08,1.07E-09,12.55,1.27,1.49E-08,4.99,332,3.79E-06,2.18,0.009,1.01E-10,6.96,0.053,5.81E-10,11.49,0.008,8.61E-11,10.36,0.35,3.65E-09,4.75,0.003,2.67E-11,13.78,0.008,6.74E-11,6.19,0.036,2.96E-10,3.96,0.015,1.13E-10,3.31,9,6.55E-08,3.12,0.003,2.16E-11,10,0.044,2.47E-10,9.23,0.059,3.26E-10,4.22,0.004,2.18E-11,9.9,0.001,4.89E-12,11.26,0.006,2.90E-11,2.2,0,0,62.41,0.018,7.56E-11,1.24,,,
140117I,Hypotenuse,2014,Shmait,11.313,-281.2,33,2000,,32.3,13:15,486046,2588489,,2390,,,,,,,,-2.218015894,0.117798763,-5.230859802,1.061298241,,0.560048747,,-10.16577111,0.2,,,0.1941365,,-29.12481699,0.43,,,227347.3545,,,158.671892,,,13591.98939,,,,0.4,,,,,,,0.00036,,104,3.25E-06,0.11767,1.96E-06,5,,,,,,0.16,,0,,0,188.6876667,5.32E-03,0.097185132,0.25045,3.13E-06,0.084700353,0.6209,6.46E-06,0,0.0169,,0,0,,0,0.0061,2.51E-07,0,0.0181,2.61E-06,0,144.2786667,6.28E-03,0.060118681,0.34875,1.94E-05,0.020275463,5.79075,1.48E-04,0.120888609,0.1967,8.09E-06,0.143793957,74.51,1.86E-03,0.013918802,20.7,2.98E-06,0.78,0.01,1.11E-09,17.87,2.46,2.28E-07,3.08,210,8.64E-06,8.64,3.26,1.21E-07,2.68,16.9,5.46E-07,4.21,71000,1.77E-03,2.76,0.076,1.59E-09,2.68,0.14,2.75E-09,12.24,0.024,4.62E-10,12.92,0.014,2.55E-10,28.76,0.36,6.45E-09,5.3,0.004,6.79E-11,22.46,0.03,5.11E-10,48.19,0.036,5.67E-10,19.85,0.45,6.88E-09,9.48,0.002,2.87E-11,67.22,0,0.00E+00,0,0.03,4.00E-10,50,2.67,3.12E-08,2.87,109,1.24E-06,0.51,0.002,2.25E-11,6.65,0.026,2.85E-10,5.64,0.006,6.46E-11,13.51,0.05,5.21E-10,1.79,0.002,1.78E-11,29.03,0.012,1.01E-10,2.3,0.068,5.58E-10,3.43,0.046,3.46E-10,0.35,7.6,5.53E-08,0.58,0,0.00E+00,28.71,0.026,1.46E-10,9.01,0.048,2.65E-10,5.57,0.006,3.26E-11,10.7,0,0.00E+00,22.99,0.006,2.90E-11,6.86,0,0,5.02,0,0,17.72,,,
140117J,Triangle,2014,Shmait,11.309,-281.8,33.9,1387,,31.6,14:30,486048,2588470,,2388,,,,,,,,-1.792622172,0.078670136,-4.140405596,0.626263494,,0.84579928,,-14.25775839,0.2,,,0.251778,,-26.43563345,0.43,,,217754.1676,,,187.283708,,,13277.7992,,,,1,,,,,,,0.000323,,74,2.31E-06,2.94004,4.89E-05,31,,,,,,0.35,,0,,0,167.08225,4.71E-03,0.037453979,0.2256,2.82E-06,0,10.6442,1.11E-04,0.10628989,0.0088,,0,0,,0,0.0047,1.93E-07,0,0.01615,2.33E-06,0.437837016,133.97425,5.83E-03,0.378163721,0.3035,1.69E-05,0.046596822,5.4572,1.40E-04,0.051829274,0.4736,1.95E-05,0.209026498,33.17575,8.28E-04,0.063728756,18.14,2.61E-06,0.34,0.003,3.33E-10,54.53,17.1,1.58E-06,2.15,370,1.52E-05,4.8,1.63,6.04E-08,1.74,8.8,2.84E-07,5.88,27500,6.86E-04,2.13,0.064,1.34E-09,2.56,0.14,2.75E-09,5.55,0.022,4.23E-10,9.1,0.023,4.19E-10,5.62,0.323,5.78E-09,2.21,0.005,8.48E-11,27.47,0.06,1.02E-09,13.09,0.028,4.41E-10,10.76,0.208,3.18E-09,3.75,0,0.00E+00,49.96,0,0,173.21,0.047,6.27E-10,14.03,2.41,2.82E-08,3.43,77,8.79E-07,1.82,0.001,1.12E-11,7.47,0.03,3.29E-10,8.55,0.006,6.46E-11,11.49,0.078,8.13E-10,3.36,0.001,8.90E-12,12.44,0.003,2.53E-11,7.56,0.061,5.01E-10,3.25,0.044,3.31E-10,2.94,2.98,2.17E-08,2.52,0,0.00E+00,13.44,0.029,1.62E-10,5.91,0.048,2.65E-10,4.55,0.004,2.18E-11,2.95,0,0,24.35,0.003,1.45E-11,4.26,0,0,28.06,0,0,7.93,,,
140110D,Travertine Falls,2014,Wadi Dima,10.394,-210,21.8,778,,21.8,15:55,663442,2542636,,1392,,,,,,,,0.690444652,0.045698442,3.728760851,0.20311455,,9.7479597,0.447797997,-12.02908595,0.212224678,,,0.2597631,,-23.80311543,0.345000657,,,65.17242871,,,63.153875,,,8912.248427,,,,6.5,,,,,,,0.0004,,42,1.31E-06,5.49038,9.14E-05,76,,,,,,,,0.005866667,3.09E-07,6.428243465,169.9462667,4.79E-03,0.130148785,0.3758,4.70E-06,0.03763208,17.31015,1.80E-04,0.06495032,0.0116,,0,0,,0,1.66455,6.85E-05,0.123193035,0.0016,2.31E-07,0,113.1268,4.92E-03,0.026502409,0.11905,6.61E-06,0.059395782,5.42855,1.39E-04,0.082061927,19.00135,7.82E-04,0.020467426,19.057,4.75E-04,0.017068223,3.14,4.52E-07,2.58,0.004,4.44E-10,29.88,36.2,3.35E-06,2.27,15300,6.30E-04,5.55,6.5,2.41E-07,1.68,11.6,3.75E-07,5.15,14100,3.52E-04,1.56,0.08,1.67E-09,20.69,0.86,1.69E-08,2.18,1.99,3.83E-08,2.84,0.016,2.91E-10,12.72,0.4,7.16E-09,4.55,0.014,2.38E-10,15.42,0.19,3.24E-09,11.49,0.13,2.05E-09,8.02,0.51,7.80E-09,10.33,0.01,1.43E-10,11.18,0.001,1.38E-11,100.97,0.13,1.74E-09,31.09,3.26,3.81E-08,1.79,79.7,9.10E-07,0.76,0.002,2.25E-11,11.18,0.042,4.60E-10,6.68,0.008,8.61E-11,0.83,0.249,2.60E-09,0.66,0.002,1.78E-11,8.41,0.005,4.21E-11,3.32,0.02,1.64E-10,4.23,0.093,7.00E-10,0.61,2.37,1.73E-08,0.66,0,0.00E+00,13.74,0.044,2.47E-10,8.9,0.062,3.43E-10,9.45,0.007,3.81E-11,7.42,0.001,4.89E-12,19.1,0.002,9.65E-12,9.42,0,0,26.38,0.003,1.26E-11,5.02,,,
140112L,Frog Refuge,2014,Wadi Dima,9.774,-180.6,21.3,659,,21.3,,663441,2542640,,1411,,,,,,,,1.062124201,0.131419821,6.169703433,0.301647502,,22.56710175,1.100350005,-10.19234605,0.2,,,0.2848545,,-23.27904595,0.345000657,,,24.99820222,,,71.00681,,,463.6902574,,,,8.1,,,,,,,0.00243,,7,2.19E-07,6.6768,0.000111132,95,,,,,,,,0.016625,8.75E-07,3.189955404,132.967375,0.003750525,0.032838013,0.2779,3.48E-06,0.152667891,23.3685,0.000243245,0.02118128,0.0111,,0,0,,0,2.2657,9.32E-05,0.024967358,0.00145,2.09E-07,4.876598491,85.62275,0.003724348,0.004129199,0.06085,3.38E-06,0.116204894,4.1621,0.000106453,0.108730771,27.927,0.001149023,0.001265991,12.53735,0.000312808,0.197964068,2.9,4.18E-07,1.36,0.006,6.66E-10,53.86,44,4.07E-06,1.98,25300,0.001040938,5.59,6.7,2.48E-07,2.76,11.1,3.58E-07,2,11400,0.000284445,3.69,0.1,2.09E-09,15.11,0.71,1.39E-08,3.9,2.44,4.69E-08,2.99,0.109,1.98E-09,4.15,2.43,4.35E-08,2.51,0.019,3.22E-10,10.61,0.31,5.28E-09,3.89,0.18,2.83E-09,7.93,0.91,1.39E-08,3.45,0.008,1.15E-10,18.32,0.003,4.13E-11,43.76,0.14,1.87E-09,7.97,2.24,2.62E-08,0.82,85,9.70E-07,3.19,0.003,3.37E-11,9.16,0.239,2.62E-09,3.13,0.012,1.29E-10,4.57,0.401,4.18E-09,2.06,0.003,2.67E-11,19.3,0.014,1.18E-10,3.77,0.034,2.79E-10,1.62,0.054,4.06E-10,1.64,2.98,2.17E-08,1.99,0.002,1.44E-11,9.32,0.068,3.81E-10,5.79,0.085,4.70E-10,6.18,0.007,3.81E-11,7.96,0.001,4.89E-12,8.49,0.015,7.24E-11,4.47,0,0,34.98,0.005,2.10E-11,1.01,,,
140115X,Aardvark,2014,Al Banah,11.398,-289.2,29.5,2949,,29.5,,487585,2575981,,2188,,,,,,,,-0.952123722,0.070221835,-2.311946439,0.331406287,,0.374061914,,-17.4364996,0.2,,,0.1661709,,-25.87210425,0.345000657,,,233327.5074,,,139.894294,,,7863.416652,,,,1.4,,,,,,,0.00082,,223,6.97E-06,0.13338,2.22E-06,10,,,,,,,,0,,0,404.4025,0.011406722,0.072563675,0.4281,5.36E-06,0.132138618,0.4568,4.75E-06,0.30959141,0.025,,0,0,,0,0.0216,8.89E-07,1.309457002,0.0186,2.68E-06,2.280989617,318.4945,0.01385361,0.300830843,1.0578,5.87E-05,1.417154827,12.6007,0.000322285,1.737365856,0.0109,4.48E-07,2.59488727,75.623,0.001886801,0.431989385,21.1,3.04E-06,2.88,0.012,1.33E-09,75.8,2.91,2.69E-07,2,40,1.65E-06,3,24.7,9.15E-07,3.77,25,8.07E-07,5.42,67300,0.001679226,2.12,0.11,2.30E-09,32.6,0.159,3.12E-09,5.54,0.03,5.77E-10,16.52,0.066,1.20E-09,9.99,0.82,1.47E-08,2.21,0.003,5.09E-11,1.15,0.06,1.02E-09,25.3,0.68,1.07E-08,1.73,2.2,3.36E-08,6.12,0.009,1.29E-10,11.36,0,0,0,0.07,9.34E-10,24.4,3.75,4.39E-08,1.4,175,2.00E-06,2.17,0.003,3.37E-11,11.06,0.054,5.92E-10,5.57,0.006,6.46E-11,1.91,0.084,8.76E-10,7.82,0.006,5.34E-11,24.33,0.03,2.53E-10,2.76,0.069,5.67E-10,5.43,0.069,5.19E-10,1.82,5.65,4.11E-08,0.75,0,0,11.75,0.027,1.51E-10,6.94,0.054,2.98E-10,2.28,0.009,4.90E-11,4.17,0,0,32.01,0.048,2.32E-10,0.66,0,0,47.65,0,0,34.49,,,
140115Y,Weevil,2014,Al Banah,11.579,-295.1,24.3,2778,,24.5,,487584,2575975,,2189,,,,,,,,-0.83372118,0.087349746,-1.546502199,0.462195903,,1.295624703,,-15.13848903,0.2,,,0.2560356,,-26.22938678,0.345000657,,,20789.10842,,,80.094003,,,3248.271769,,,,4.5,,,,,,,0.00129,,115,3.59E-06,0.12983,2.16E-06,9,,,,,,,,0,,0,416.634,0.011751728,0.064832633,0.4384,5.49E-06,0.32258521,0.95995,9.99E-06,0.095759031,0.022,,0,0.084,1.83E-06,3.367175149,0.0997,4.10E-06,0.567387588,0.01895,2.73E-06,0.37314342,328.275,0.014279034,0.077113465,0.91015,5.05E-05,0.365148808,12.84785,0.000328606,0.426536545,0.0306,1.26E-06,0.462161295,71.8225,0.001791979,0.121095944,21.5,3.10E-06,3.63,0.009,9.99E-10,83.84,2.64,2.44E-07,3.5,63,2.59E-06,6.81,8.1,3.00E-07,3.72,22,7.10E-07,3.73,64000,0.001596886,3.26,0.09,1.88E-09,28.17,0.14,2.75E-09,19.86,0.024,4.62E-10,8.57,0.14,2.55E-09,8.93,1.29,2.31E-08,3.37,0.012,2.04E-10,30.09,0.132,2.25E-09,6.1,0.18,2.83E-09,7.88,0.8,1.22E-08,16.53,0.006,8.61E-11,46.88,0.003,4.13E-11,173.21,0.07,9.34E-10,19.41,3.74,4.38E-08,1.88,175,2.00E-06,1.07,0.003,3.37E-11,6.2,0.021,2.30E-10,5.38,0.006,6.46E-11,3.74,0.078,8.13E-10,9.15,0.003,2.67E-11,32.82,0.018,1.52E-10,4.16,0.075,6.16E-10,4.71,0.066,4.97E-10,0.99,5.4,3.93E-08,2.36,0,0,13.66,0.024,1.34E-10,4,0.054,2.98E-10,4.19,0.009,4.90E-11,11.11,0,0,23.66,0.012,5.79E-11,5.5,0,0,21.65,0.003,1.26E-11,9.65,,,
140115Z,Gas Crack,2014,Al Banah,11.33,-282.5,32.2,4050,,32.2,,487338,2576127,,2143,,,,,,,,-0.100800587,0.075301281,-2.082526572,0.816440926,,0.403775137,,-17.19889183,0.2,,,0.1445088,,-26.88997313,0.345000657,,,226147.303,,,106.80707,,,18967.85705,,,,1.1,,,,,,,0.00077,,200,6.25E-06,0.08281,1.38E-06,8,,,,,,,,0,,0,448.2416667,0.012643265,0.012620099,0.73395,9.19E-06,0.009634264,0.25295,2.63E-06,0.419316138,0.0395,,0,0,,0,0.0077,3.17E-07,0,0.0364,5.24E-06,0,393.8458333,0.01713118,0.029025468,1.57775,8.76E-05,0.004481742,12.78235,0.000326931,0.099021005,0.00995,4.09E-07,0.710660082,94.895,0.00236764,0.042224969,37.9,5.46E-06,1.48,0.016,1.78E-09,17.62,5,4.62E-07,2.62,48,1.97E-06,2.62,4.1,1.52E-07,2.61,39.5,1.28E-06,1.91,89300,0.002228155,1.47,0.08,1.67E-09,29.9,0.204,4.00E-09,0.71,0.024,4.62E-10,8.19,0.1,1.82E-09,9.66,0.77,1.38E-08,6.5,0.008,1.36E-10,34.53,0.04,6.82E-10,44.83,0.06,9.44E-10,5.86,1.02,1.56E-08,3.71,0.004,5.74E-11,23.93,0,0,173.21,0.04,5.34E-10,40,4.1,4.80E-08,3.93,168,1.92E-06,2.15,0.004,4.50E-11,20.14,0.028,3.07E-10,13.03,0.008,8.61E-11,5,0.072,7.50E-10,12,0.004,3.56E-11,50.86,0.024,2.02E-10,10.6,0.028,2.30E-10,17.54,0.104,7.83E-10,0.59,6.12,4.46E-08,1.36,0,0,40.88,0.024,1.34E-10,0.41,0.06,3.32E-10,0.04,0.02,1.09E-10,8.55,0,0,17.47,0.012,5.79E-11,8.72,0,0,12.08,0,0,44.99,,,
140113O,Falej Source,2014,Falej South,11.43,-288,28.9,2329,,28.4,13:30,608433,2525961,,1859,,,,,,,,-0.524301633,0.06235418,0.828920482,0.366676943,,0.685976757,,-20.8332087,0.2,,,0.1329642,,-26.80549164,0.345000657,,,39200.35076,,,118.904968,,,4610.421393,,,,1.9,,,,,,,0.00184,,187,5.84E-06,0.22093,3.68E-06,9,,,,,,,,0,,0,280.7624,0.007919285,0.140634368,0.4749,5.94E-06,0.32757105,0.36895,3.84E-06,0.785780676,0.0187,,0,0,,0,0.01135,4.67E-07,0.623001569,0.01395,2.01E-06,0.506886581,216.1,0.009399739,0.020941617,0.60575,3.36E-05,0.058366222,9.8547,0.000252051,0.144941571,0.0261,1.07E-06,0,83.58,0.002085329,0.094754678,15.7,2.26E-06,0.68,0.008,8.88E-10,76.23,3.96,3.66E-07,1.46,102,4.20E-06,2.45,14.5,5.37E-07,0.98,18.7,6.04E-07,3.23,75000,0.001871351,2.77,0.1,2.09E-09,34.26,0.154,3.02E-09,3.41,0.016,3.08E-10,17.61,0.2,3.64E-09,6.14,1.84,3.29E-08,0.88,0.006,1.02E-10,11.86,0.1,1.70E-09,10.85,0.082,1.29E-09,7.88,0.79,1.21E-08,7.29,0.056,8.03E-10,1.87,0.002,2.75E-11,86.66,0.15,2.00E-09,18.12,3.66,4.28E-08,0.88,100,1.14E-06,2.06,0.002,2.25E-11,10.85,0.024,2.63E-10,7.77,0.006,6.46E-11,5.26,0.042,4.38E-10,3.25,0.002,1.78E-11,30.59,0.022,1.85E-10,3.72,0.05,4.11E-10,2.17,0.082,6.17E-10,0.77,2.82,2.05E-08,2.7,0.002,1.44E-11,3.94,0.026,1.46E-10,10.46,0.044,2.43E-10,1.87,0.012,6.53E-11,3.39,0,0,12.18,0.014,6.76E-11,2.92,0,0,23.3,0,0,10.26,,,
140113P,Cistern of Joy,2014,Falej South,11.49,-289.5,26.3,2224,,25.9,15:30,608426,2525966,,1810,,,,,,,,-0.542232531,0.055122498,0.976147067,0.173639009,,0.555845013,,-13.11884995,0.2,,,0.2283456,,-21.86358424,0.345000657,,,65620.01017,,,87.801109,,,14377.87354,,,,1.6,,,,,,,0.00239,,63,1.97E-06,0.11636,1.94E-06,8,,,,,,,,0,,0,279.952,0.007896426,0.161247989,0.4541,5.68E-06,0.155716094,0.7514,7.82E-06,0.131747337,0.0182,,0,0.0356,7.74E-07,1.589004003,0.21535,8.86E-06,0.098505704,0.01245,1.79E-06,0.567957254,219.0392,0.009527586,0.041321219,0.5265,2.92E-05,0.161163939,9.7879,0.000250343,0.001444859,0.031,1.28E-06,0,81.3892,0.002030669,0.002085112,14.5,2.09E-06,2.4,0.004,4.44E-10,76.96,4.4,4.07E-07,3.73,47,1.93E-06,6.07,6.28,2.33E-07,0.67,18.2,5.88E-07,4.7,74100,0.001848895,1.81,0.07,1.46E-09,17.03,0.19,3.73E-09,7.71,0.44,8.46E-09,11.59,0.112,2.04E-09,6.93,2.39,4.28E-08,0.6,0.016,2.71E-10,31.05,0.37,6.30E-09,8.65,0.1,1.57E-09,14.03,0.64,9.79E-09,7.16,0.018,2.58E-10,24.28,0.004,5.51E-11,115.66,0.05,6.67E-10,29.63,3.55,4.15E-08,2.26,103,1.18E-06,1.17,0.002,2.25E-11,9.25,0.022,2.41E-10,4.47,0.004,4.31E-11,4.52,0.052,5.42E-10,11.2,0.004,3.56E-11,24.91,0.024,2.02E-10,1.04,0.042,3.45E-10,6.18,0.084,6.32E-10,2.76,2.53,1.84E-08,2.78,0,0,11.61,0.026,1.46E-10,1.29,0.046,2.54E-10,9.85,0.008,4.35E-11,12.92,0.004,1.96E-11,8.73,0.014,6.76E-11,6.23,0,0,27.72,0,0,10.7,,,
140114R,Phone Drop,2014,Falej North,11.585,-292.9,21.1,1844,,21.1,11:08,608560,2526487,,1842,,,,,,,,-0.719069557,0.070426252,0.62492465,0.360353861,,0.498050479,,-15.10862241,0.2,,,1.0101195,,-22.51248609,0.345000657,,,11.85405671,,,158.525817,,,17227.00279,,,,1.1,,,,,,,0.00135,,60,1.87E-06,0.14641,2.44E-06,8,,,,,,,,0,,0,251.8073333,0.007102568,0.034071932,0.3636,4.55E-06,0.15557905,2.0277,2.11E-05,0.034872357,0.0187,,0,0.03475,7.55E-07,3.052259487,0.6935,2.85E-05,0.020392409,0.0106,1.53E-06,0,186.2583333,0.008101711,0.115156757,0.35705,1.98E-05,0.178237251,8.807,0.000225254,0.105981714,0.0355,1.46E-06,0.398370018,74.221,0.001851821,0.080662311,13.5,1.94E-06,2.29,0.006,6.66E-10,31.2,9.8,9.06E-07,4.52,68,2.80E-06,6.42,11.9,4.41E-07,3.57,18.7,6.04E-07,3.61,68700,0.001714157,0.98,0.08,1.67E-09,30.16,0.24,4.71E-09,9.29,0.112,2.15E-09,3.82,0.12,2.18E-09,9.71,1.35,2.42E-08,5.13,0.02,3.39E-10,13.7,0.17,2.90E-09,21.27,0.85,1.34E-08,4.4,3,4.59E-08,3.29,0.016,2.29E-10,19.06,0,0,0,0.06,8.01E-10,27.17,3.6,4.21E-08,1.69,123,1.40E-06,3.91,0.004,4.50E-11,10.72,0.042,4.60E-10,4.49,0.008,8.61E-11,4.03,0.79,8.23E-09,2.77,0.006,5.34E-11,24.8,0.064,5.39E-10,4.17,0.038,3.12E-10,5.16,0.07,5.27E-10,2.62,3.87,2.82E-08,0.71,0.004,2.88E-11,3.34,0.034,1.90E-10,10.51,0.054,2.98E-10,5.87,0.01,5.44E-11,7.23,0.002,9.79E-12,28.11,0.036,1.74E-10,2.22,0,0,9.94,0.002,8.40E-12,7.46,,,
140114T,Greasy Hair,2014,Falej North,11.421,-289,27.1,2061,,27.2,14:00,608564,2526487,,1852,,,,,,,,-0.706199383,0.0820302,1.580127929,0.238840166,,0.502748372,,-16.90095459,0.2,,,0.1789509,,-24.18859782,0.345000657,,,27844.97904,,,247.913399,,,40848.25965,,,,0.522,,,,,,,0.00095,,568,1.77E-05,0.1104,1.84E-06,7,,,,,,,,0,,0,244.3924,0.006893419,0.199292266,0.3541,4.43E-06,0.079876507,1.29285,1.35E-05,0.060163009,0.0193,,0,0.0532,1.16E-06,1.063318468,0.0382,1.57E-06,0,0.01085,1.56E-06,0.651711319,183.3324,0.007974441,0.120028773,0.55155,3.06E-05,0.269227494,8.38925,0.00021457,0.380135481,0.0444,1.83E-06,0.955549704,76.7364,0.001914581,0.009583341,13.5,1.94E-06,2.7,0.008,8.88E-10,76.72,10.4,9.62E-07,1,63,2.59E-06,5.75,4.5,1.67E-07,2.62,19.3,6.23E-07,2.19,68700,0.001714157,0.28,0.06,1.25E-09,28.52,0.176,3.45E-09,4.37,0.016,3.08E-10,33.19,0.032,5.82E-10,13.24,0.95,1.70E-08,5.66,0.002,3.39E-11,51.33,0.024,4.09E-10,29.77,0.068,1.07E-09,11.81,0.59,9.02E-09,6.52,0.016,2.29E-10,19.96,0.002,2.75E-11,101.01,0.08,1.07E-09,22.82,3.6,4.21E-08,1.91,144,1.64E-06,2.46,0.002,2.25E-11,15.67,0.026,2.85E-10,9.67,0.006,6.46E-11,9.75,0.056,5.84E-10,8.97,0.002,1.78E-11,1.14,0.02,1.68E-10,1.95,0.038,3.12E-10,7.72,0.078,5.87E-10,3.78,4.44,3.23E-08,1.77,0,0,4.47,0.026,1.46E-10,7.21,0.05,2.76E-10,2.83,0.01,5.44E-11,10.27,0,0,21.83,0.008,3.86E-11,5.63,0,0,12.64,0,0,10.69,,,
140111F,Snail,2014,Qafifah,11.624,-289.8,23.9,1470,,23.8,11:30,646074,2533679,,2197,,,,,,,,-0.610268821,0.114404499,1.068068033,0.583287926,,0.492303365,,-9.521536215,0.2,,,0.3881595,,-24.07337846,0.345000657,,,263158.3092,,,,,,157871.4363,,,,0.275,,,,,,,0.00051,,217,6.78E-06,0.63185,1.05E-05,11,,,,,,,,0.049,2.58E-06,2.886150127,165.17525,0.004658992,0.090542066,0.23825,2.98E-06,0.148395967,1.0889,1.13E-05,0.077925258,0.014,,0,0,,0,0.0925,3.81E-06,0.305775905,0.0142,2.05E-06,0,134.692,0.005858721,0.020474241,0.2789,1.55E-05,0.050706833,5.45215,0.000139448,0.050580348,0.09285,3.82E-06,0.228467458,67.65075,0.001687893,0.099819585,16.7,2.41E-06,1.99,0.004,4.44E-10,73.66,4.79,4.43E-07,1.21,108,4.44E-06,2.6,6.8,2.52E-07,1.71,14,4.52E-07,2.74,63000,0.001571935,2.63,0.06,1.25E-09,32.55,0.185,3.63E-09,2.61,0.041,7.89E-10,9.34,0.012,2.18E-10,11.72,0.51,9.13E-09,3.15,0.005,8.48E-11,10.63,0.08,1.36E-09,13.94,0.115,1.81E-09,2.88,0.28,4.28E-09,9.76,0.029,4.16E-10,17.23,0.001,1.38E-11,173.21,0.041,5.47E-10,19.09,1.85,2.16E-08,4.12,113,1.29E-06,1.53,0.002,2.25E-11,9.79,0.027,2.96E-10,11.29,0.006,6.46E-11,8.93,0.93,9.69E-09,2.39,0.006,5.34E-11,11.77,0.028,2.36E-10,2.92,0.07,5.75E-10,1.25,0.115,8.65E-10,1.34,4.4,3.20E-08,2.73,0,0,12.59,0.03,1.68E-10,4.11,0.049,2.71E-10,3.02,0.066,3.59E-10,1.5,0,0,16.26,0.007,3.38E-11,3.69,0,0,0.85,0,0,11.08,,,
140117F,Peters Gas,2014,Shmait,11.48,,28.5,1868,,26.2,10:15,,2588477,,2167,,,,,,,,-2.037934783,0.080762983,-6.009641236,0.636729604,,0.346889005,,-15.81192459,0.2,,,0.3712535,,-26.84592456,0.43,,,264613.5518,,,168.151211,,,13296.83299,,,,0.8,,,,,,,0.00138,,151,4.72E-06,0.15891,2.65E-06,7,,,,,,,,0,,0,189.5833333,0.005347455,0.184997783,0.24965,3.12E-06,0.028323925,0.34955,3.64E-06,0.262977776,0.0295,,0,0.002666667,5.80E-08,0,0.02705,1.11E-06,0.261407313,0.01875,2.70E-06,0.377123617,147.3163333,0.006407844,0.022079637,0.33,1.83E-05,0.042854956,6.0011,0.000153489,0.103689985,0.04705,1.94E-06,0.15028837,74.06933333,0.001848037,0.297852439,30.8,4.44E-06,2.43,0.004,4.44E-10,88.82,3.34,3.09E-07,2.17,120,4.94E-06,18.21,6.7,2.48E-07,2.51,29.5,9.52E-07,1.47,67000,0.00167174,4.39,0.13,2.72E-09,31.63,0.19,3.73E-09,5.66,0.034,6.54E-10,10.73,0.04,7.28E-10,10.86,1.38,2.47E-08,2.94,0.008,1.36E-10,33.84,0.09,1.53E-09,5.39,0.08,1.26E-09,15.81,0.7,1.07E-08,15.77,0.006,8.61E-11,13.26,0.004,5.51E-11,86.61,0.04,5.34E-10,31.23,3.87,4.53E-08,1.46,160,1.83E-06,2.24,0.002,2.25E-11,19.88,0.048,5.26E-10,7.31,0.01,1.08E-10,9.24,0.148,1.54E-09,6.16,0.004,3.56E-11,36.83,0.052,4.38E-10,4.13,0.06,4.93E-10,1.52,0.066,4.97E-10,1.31,11,8.01E-08,0.95,0.002,1.44E-11,5.81,0.052,2.91E-10,8.15,0.084,4.64E-10,6,0.008,4.35E-11,6,0,0,17.27,0.008,3.86E-11,4.34,0,0,18.31,0,0,7.56,,,
140117G,Lisas Revenge,2014,Shmait,11.389,-284.2,31.2,2015,,30.5,11:00,486040,2588461,,2392,,,,,,,,-2.198438729,0.036097949,-6.278913889,0.857028968,,0.22275651,,-18.08644292,0.2,,,0.1344095,,-31.1254904,0.43,,,2749.487059,,,43.711932,,,9271.989541,,,,0.316,,,,,,,0.0008,,120,3.75E-06,0.09023,1.50E-06,5,,,,,,,,0,,0,188.8433333,0.005326583,0.250126558,0.25035,3.13E-06,0.141223643,0.13225,1.38E-06,0.695076609,0.017,,0,0,,0,0.001,4.11E-08,0,0.0182,2.62E-06,0,144.067,0.006266507,0.035666109,0.35135,1.95E-05,0.100627121,5.7765,0.000147744,0.232580781,0.0193,7.94E-07,0,76.14766667,0.001899892,0.149194971,21,3.03E-06,0.97,0.004,4.44E-10,15.92,2.15,1.99E-07,2.86,39,1.60E-06,3.61,3.4,1.26E-07,3.7,17,5.49E-07,6.2,67700,0.001689206,1.41,0.11,2.30E-09,12.65,0.16,3.14E-09,8.81,0.032,6.15E-10,7.29,0.12,2.18E-09,9.07,0.8,1.43E-08,2.74,0.004,6.79E-11,47.35,0.026,4.43E-10,12.21,0.04,6.29E-10,27.54,1.34,2.05E-08,4.63,0.004,5.74E-11,57.97,0.002,2.75E-11,173.21,0.034,4.54E-10,21.37,2.75,3.22E-08,1.55,115,1.31E-06,1.95,0.002,2.25E-11,4.52,0.028,3.07E-10,6.81,0.006,6.46E-11,5.99,0.032,3.34E-10,4.22,0.004,3.56E-11,19.82,0.024,2.02E-10,4.9,0.108,8.87E-10,3.26,0.048,3.61E-10,1.1,8,5.83E-08,1.18,0,0,17.66,0.03,1.68E-10,2.23,0.052,2.87E-10,4.96,0.006,3.26E-11,5.45,0,0,19.75,0.01,4.83E-11,4.57,0,0,8.47,0,0,25.65,,,
140117H,Sheep Warbler,2014,Shmait,11.485,-288.5,29.8,2067,,29.6,12:00,485980,2588429,,2373,,,,,,,,-2.058241538,0.120642357,-4.911518226,0.619176633,,0.345696276,,-20.21939238,0.2,,,0.137226,,-26.18366828,0.43,,,225403.3282,,,181.092306,,,12707.79415,,,,0.7,,,,,,,0.00052,,175,5.47E-06,0.09987,1.66E-06,7,,,,,,,,0,,0,204.4388,0.005766474,0.08494739,0.29525,3.70E-06,0.071848276,0.152,1.58E-06,0.186080732,0.0162,,0,0,,0,0.00685,2.82E-07,19.61318079,0.01795,2.59E-06,0.393931354,164.1116,0.007138391,0.069283811,0.424,2.35E-05,0.066708187,6.07175,0.000155296,0.026785451,0.02535,1.04E-06,0.278937586,83.3252,0.002078972,0.03326555,20.4,2.94E-06,1.94,0.004,4.44E-10,103.32,1.79,1.66E-07,2.33,44.5,1.83E-06,1.73,3.5,1.30E-07,4.53,16.2,5.23E-07,0.8,75900,0.001893807,0.9,0.062,1.29E-09,9.43,0.12,2.36E-09,7.76,0.014,2.69E-10,20.51,0.08,1.46E-09,11.71,0.52,9.31E-09,5.18,0.002,3.39E-11,61.24,0.02,3.41E-10,37.6,0.044,6.92E-10,7.78,1.53,2.34E-08,5.54,0.002,2.87E-11,46.04,0.002,2.75E-11,173.21,0.04,5.34E-10,39.52,2.64,3.09E-08,0.91,107,1.22E-06,1.84,0.002,2.25E-11,3.56,0.024,2.63E-10,4.19,0.006,6.46E-11,6.73,0.032,3.34E-10,12.79,0.004,3.56E-11,38.25,0.012,1.01E-10,7.91,0.026,2.14E-10,4.9,0.042,3.16E-10,0.31,7.66,5.58E-08,1.19,0,0,18.58,0.026,1.46E-10,7.13,0.048,2.65E-10,7.32,0.006,3.26E-11,8.21,0,0,40.93,0.006,2.90E-11,7.48,0,0,33.28,0,0,10.66,,,
140117K,Lizard Tamer,2014,Shmait,11.491,-286.3,27.6,1980,,27.4,15:30,485981,2588423,,2371,,,,,,,,-2.133024257,0.105179102,-4.506745149,0.871616352,,0.384271661,,-17.92546773,0.2,,,0.157866,,-26.10414365,0.43,,,,,,,,,,,,,1.2,,,,,,,0.000452,,101,3.16E-06,0.13602,2.26E-06,6,,,,,,,,0,,0,204.225,0.005760443,0.074556817,0.3013,3.77E-06,0.234685291,0.1519,1.58E-06,0.465508085,0.019,,0,0,,0,0.00575,2.37E-07,6.148754619,0.0179,2.58E-06,0.790063443,164.7056667,0.007164231,0.030624498,0.383,2.13E-05,0.221547817,6.08945,0.000155748,0.089412381,0.03585,1.48E-06,0.197240385,83.43333333,0.00208167,0.144641899,21.3,3.07E-06,1.42,0.004,4.44E-10,37.1,2.06,1.91E-07,0.96,61,2.51E-06,5.05,6.1,2.26E-07,5.04,19,6.13E-07,8.96,72800,0.001816458,1.67,0.106,2.21E-09,4.24,0.23,4.51E-09,9.59,0.034,6.54E-10,20.19,0.072,1.31E-09,2.5,0.452,8.09E-09,1.5,0.006,1.02E-10,24.24,0.06,1.02E-09,17.87,0.056,8.81E-10,9.83,0.49,7.49E-09,7.26,0.004,5.74E-11,30.42,0,0,173.21,0.02,2.67E-10,71.55,2.79,3.26E-08,1.55,112,1.28E-06,5.04,0.002,2.25E-11,4.2,0.028,3.07E-10,4.79,0.006,6.46E-11,6.69,0.044,4.59E-10,2.76,0.004,3.56E-11,39.87,0.028,2.36E-10,5.57,0.042,3.45E-10,1.61,0.042,3.16E-10,3.19,8.14,5.93E-08,0.71,0,0,3.16,0.028,1.57E-10,9.16,0.05,2.76E-10,6.24,0.006,3.26E-11,23.93,0,0,19.51,0.01,4.83E-11,1.55,0,0,5.38,0,0,5.89,,,
140117L,Dead Cricket,2014,Shmait,11.561,-291.4,27.9,2087,,27.3,16:00,485981,2588426,,2367,,,,,,,,-2.151964961,0.079412941,-4.326657557,0.599274167,,0.189788885,,-15.46532824,0.2,,,0.125444,,-25.93042286,0.43,,,,,,,,,,,,,0.7,,,,,,,0.00066,,115,3.59E-06,0.11229,1.87E-06,5,,,,,,,,0,,0,206.1296,0.005814165,0.004390911,0.3329,4.17E-06,0.254889798,0.15385,1.60E-06,0.321725542,0.0174,,0,0,,0,0.006,2.47E-07,0,0.01935,2.79E-06,0.365429861,168.4712,0.007328021,0.028205162,0.40925,2.27E-05,0.017278113,6.2669,0.000160287,0.036106236,0.0357,1.47E-06,0,85.9628,0.00214478,0.100682935,20.4,2.94E-06,1.36,0.004,4.44E-10,103.17,1.822,1.69E-07,0.37,52,2.14E-06,5.86,5,1.85E-07,0.23,17.4,5.62E-07,2.91,78000,0.001946205,3.7,0.05,1.04E-09,20.24,0.158,3.10E-09,4.17,0.04,7.69E-10,14.55,0.072,1.31E-09,6.43,0.66,1.18E-08,3.3,0.006,1.02E-10,21.83,0.06,1.02E-09,33.58,0.054,8.50E-10,8.23,0.42,6.42E-09,5.01,0.004,5.74E-11,88.89,0.002,2.75E-11,173.21,0.03,4.00E-10,50.9,2.66,3.11E-08,1.9,109.9,1.25E-06,0.66,0.002,2.25E-11,3.4,0.024,2.63E-10,4.88,0.004,4.31E-11,12.1,0.03,3.13E-10,8.03,0.002,1.78E-11,24.95,0.016,1.35E-10,7.27,0.5,4.11E-09,2.07,0.04,3.01E-10,4.03,7.85,5.72E-08,0.84,0,0,9.48,0.024,1.34E-10,8.08,0.044,2.43E-10,3.96,0.004,2.18E-11,2.98,0,0,26.27,0.016,7.72E-11,7.72,0,0,20.87,0,0,4.35,,,
